Year,1970,1971,1972,1973,1974,1975,1976,1977,1978,1979,1980,1981,1982,1983,1984,1985,1986,1987,1988,1989,1990
Avg,0.5591780821917808,0.6335792349726777,nan,nan,nan,nan,nan,nan,nan,nan,1.5154794520547945,0.6619452054794521,nan,nan,nan,nan,nan,0.43356164383561646,0.18964383561643836,0.08701369863013698,1.653808219178082
Std,1.6866597885345271,3.7384610123671984,nan,nan,nan,nan,nan,nan,nan,nan,7.388155578513322,2.3587493313102317,nan,nan,nan,nan,nan,1.3686317233446124,0.5265255817293448,0.37492810244649355,13.265942118522425
CV,3.016319563033329,5.900542199001227,nan,nan,nan,nan,nan,nan,nan,nan,4.875127517232871,3.5633603986930775,nan,nan,nan,nan,nan,3.156717718930701,2.776391755723936,4.308839968292511,8.021451317441993
SP_Tim,84.0,107.0,nan,nan,nan,nan,nan,nan,nan,nan,69.0,105.0,nan,nan,nan,nan,nan,114.0,66.0,52.0,83.0
SP_Mag,0.5,7.4,nan,nan,nan,nan,nan,nan,nan,nan,80.0,31.0,nan,nan,nan,nan,nan,14.0,0.88,6.8,100.0
SP_Dur,123.0,39.0,nan,nan,nan,nan,nan,nan,nan,nan,168.0,137.0,nan,nan,nan,nan,nan,121.0,187.0,194.0,16.0
SP_ROC,0.19999999999999996,0.3571428571428572,nan,nan,nan,nan,nan,nan,nan,nan,0.13779661016949152,0.08219178082191773,nan,nan,nan,nan,nan,0.09838709677419347,0.1666666666666666,0.25000000000000006,0.24798619102416572
DS_Tim,207.0,146.0,nan,nan,nan,nan,nan,nan,nan,nan,237.0,242.0,nan,nan,nan,nan,nan,235.0,253.0,246.0,99.0
DS_Mag_10,0.0,nan,nan,nan,nan,nan,nan,nan,nan,nan,0.15,nan,nan,nan,nan,nan,nan,0.06,0.04,0.01,0.020000000000000004
DS_Mag_50,0.2,nan,nan,nan,nan,nan,nan,nan,nan,nan,0.21,nan,nan,nan,nan,nan,nan,0.09,0.06,0.03,0.12
DS_Dur_WSI,nan,nan,nan,nan,nan,nan,nan,nan,nan,nan,66.0,nan,nan,nan,nan,nan,nan,nan,nan,nan,nan
DS_Dur_WS,143.0,nan,nan,nan,nan,nan,nan,nan,nan,nan,135.0,nan,nan,nan,nan,nan,nan,107.0,145.0,182.0,329.0
DS_No_Flow,33.0,nan,nan,nan,nan,nan,nan,nan,nan,nan,0.0,nan,nan,nan,nan,nan,nan,0.0,0.0,8.0,0.0
WSI_Tim,nan,nan,nan,nan,nan,nan,nan,nan,nan,nan,339.0,301.0,nan,nan,nan,nan,nan,295.0,nan,nan,nan
WSI_Mag,nan,nan,nan,nan,nan,nan,nan,nan,nan,nan,12.906961164295012,1.2633179055858865,nan,nan,nan,nan,nan,4.87671935176912,nan,nan,nan
Wet_Tim,326.0,349.0,nan,nan,nan,nan,nan,nan,nan,nan,32.0,5.0,nan,nan,nan,nan,nan,348.0,342.0,31.0,62.0
WSI_Dur,nan,nan,nan,nan,nan,nan,nan,nan,nan,nan,8.0,5.0,nan,nan,nan,nan,nan,5.0,nan,nan,nan
Wet_BFL_Mag,0.23,0.11,nan,nan,nan,nan,nan,nan,nan,nan,0.25,0.19,nan,nan,nan,nan,nan,0.16,0.05,0.02,0.156
Peak_Tim_2,352.0,357.5,nan,nan,nan,nan,nan,nan,nan,nan,61.0,75.0,nan,nan,nan,nan,nan,60.0,nan,nan,77.0
Peak_Dur_2,1.0,2.5,nan,nan,nan,nan,nan,nan,nan,nan,2.0,1.0,nan,nan,nan,nan,nan,1.0,nan,nan,3.0
Peak_Fre_2,3.0,2.0,nan,nan,nan,nan,nan,nan,nan,nan,7.0,5.0,nan,nan,nan,nan,nan,3.0,0.0,0.0,3.0
Peak_Mag_2,18.0,22.56,nan,nan,nan,nan,nan,nan,nan,nan,28.592307692307692,16.766666666666666,nan,nan,nan,nan,nan,14.0,nan,nan,63.625
Peak_Tim_5,355.0,358.0,nan,nan,nan,nan,nan,nan,nan,nan,50.0,70.0,nan,nan,nan,nan,nan,7.5,15.0,47.0,76.0
Peak_Dur_5,1.0,4.0,nan,nan,nan,nan,nan,nan,nan,nan,2.5,1.0,nan,nan,nan,nan,nan,1.0,1.5,2.0,5.0
Peak_Fre_5,9.0,3.0,nan,nan,nan,nan,nan,nan,nan,nan,8.0,9.0,nan,nan,nan,nan,nan,8.0,4.0,1.0,3.0
Peak_Mag_5,6.15,13.018181818181818,nan,nan,nan,nan,nan,nan,nan,nan,13.85,8.976923076923077,nan,nan,nan,nan,nan,6.463636363636363,3.933333333333333,4.5,38.67857142857143
Peak_Tim_10,42.5,59.5,nan,nan,nan,nan,nan,nan,nan,nan,57.0,45.0,nan,nan,nan,nan,nan,7.0,17.0,47.0,63.0
Peak_Dur_10,2.0,6.5,nan,nan,nan,nan,nan,nan,nan,nan,2.0,1.0,nan,nan,nan,nan,nan,2.0,1.0,2.0,3.0
Peak_Fre_10,10.0,4.0,nan,nan,nan,nan,nan,nan,nan,nan,9.0,12.0,nan,nan,nan,nan,nan,10.0,6.0,1.0,3.0
Peak_Mag_10,3.4466666666666663,4.1414285714285715,nan,nan,nan,nan,nan,nan,nan,nan,7.3100000000000005,4.424516129032258,nan,nan,nan,nan,nan,4.3822222222222225,2.9488888888888893,4.5,30.360555555555557
Peak_Tim_20,76.0,36.0,nan,nan,nan,nan,nan,nan,nan,nan,54.0,4.0,nan,nan,nan,nan,nan,31.0,15.0,29.5,84.0
Peak_Dur_20,7.5,2.0,nan,nan,nan,nan,nan,nan,nan,nan,3.0,1.0,nan,nan,nan,nan,nan,2.5,1.0,2.0,1.5
Peak_Fre_20,10.0,5.0,nan,nan,nan,nan,nan,nan,nan,nan,15.0,17.0,nan,nan,nan,nan,nan,12.0,8.0,2.0,8.0
Peak_Mag_20,1.337663551401869,3.4586538461538465,nan,nan,nan,nan,nan,nan,nan,nan,3.5660294117647062,1.9719767441860472,nan,nan,nan,nan,nan,2.766774193548387,2.3416666666666663,2.5625,13.60048780487805
