Year,1959,1960,1961,1962,1963,1964,1965,1966,1967,1968,1969,1970,1971,1972,1973,1974,1975,1976,1977,1978,1979,1980,1981,1982,1983,1984,1985,1986,1987,1988,1989,1990,1991,1992,1993,1994,1995,1996,1997,1998,1999,2000,2001,2002,2003,2004,2005,2006,2007,2008,2009,2010,2011,2012,2013,2014
Avg,153.49289617486338,165.34931506849315,176.69671232876712,206.8068493150685,85.19153005464482,221.5005479452055,173.13561643835615,nan,nan,nan,nan,nan,nan,nan,nan,nan,nan,nan,nan,nan,nan,nan,nan,nan,nan,nan,nan,nan,nan,nan,nan,nan,nan,nan,nan,nan,nan,nan,nan,nan,nan,nan,nan,nan,185.6469589041096,179.64953424657534,319.00013698630136,87.03575342465753,134.7846174863388,77.8963287671233,189.26920547945207,216.03520547945206,93.66245901639344,122.57397260273974,55.22383561643836,99.0164383561644
Std,570.3178529488258,501.8489379007727,588.93106505469,557.9807873966378,260.13846283526163,666.4225310287111,607.5409948555731,nan,nan,nan,nan,nan,nan,nan,nan,nan,nan,nan,nan,nan,nan,nan,nan,nan,nan,nan,nan,nan,nan,nan,nan,nan,nan,nan,nan,nan,nan,nan,nan,nan,nan,nan,nan,nan,635.6760566556462,357.22222782096316,807.2049715635848,329.0385620891458,485.77203727082986,243.8607596536409,477.99784524037057,433.25950048032945,314.30415324310593,523.8610624916719,211.29167244207764,474.7121846581686
CV,3.715597706222859,3.035083258088431,3.3330052228640645,2.698076921749138,3.053571906366745,3.0086721554908737,3.5090468810147115,nan,nan,nan,nan,nan,nan,nan,nan,nan,nan,nan,nan,nan,nan,nan,nan,nan,nan,nan,nan,nan,nan,nan,nan,nan,nan,nan,nan,nan,nan,nan,nan,nan,nan,nan,nan,nan,3.4241124142732966,1.988439487578426,2.5304220217254896,3.780498808159085,3.6040614005531135,3.130580908153968,2.5254918993796074,2.005504146968946,3.3557110985960157,4.273836046658103,3.826095563329232,4.7942765114477055
SP_Tim,122.0,81.0,68.0,108.0,25.0,111.0,106.0,nan,nan,nan,nan,nan,nan,nan,nan,nan,nan,nan,nan,nan,nan,nan,nan,nan,nan,nan,nan,nan,nan,nan,nan,nan,nan,nan,nan,nan,nan,nan,nan,nan,nan,nan,nan,nan,60.0,144.0,106.0,61.0,60.0,130.0,106.0,87.0,108.0,362.0,95.0,43.0
SP_Mag,134.0,1850.0,2320.0,1900.0,2070.0,911.0,161.0,nan,nan,nan,nan,nan,nan,nan,nan,nan,nan,nan,nan,nan,nan,nan,nan,nan,nan,nan,nan,nan,nan,nan,nan,nan,nan,nan,nan,nan,nan,nan,nan,nan,nan,nan,nan,nan,2770.0,1180.0,5350.0,734.0,781.0,850.0,1440.0,2880.0,393.0,4920.0,482.0,1270.0
SP_Dur,31.0,27.0,40.0,47.0,124.0,23.0,61.0,nan,nan,nan,nan,nan,nan,nan,nan,nan,nan,nan,nan,nan,nan,nan,nan,nan,nan,nan,nan,nan,nan,nan,nan,nan,nan,nan,nan,nan,nan,nan,nan,nan,nan,nan,nan,nan,37.0,46.0,29.0,103.0,28.0,18.0,33.0,39.0,37.0,158.0,45.0,33.0
SP_ROC,0.03901515151515152,0.0707070707070707,0.07036775106082037,0.06545541098064106,0.0625,0.078125,0.05172413793103448,nan,nan,nan,nan,nan,nan,nan,nan,nan,nan,nan,nan,nan,nan,nan,nan,nan,nan,nan,nan,nan,nan,nan,nan,nan,nan,nan,nan,nan,nan,nan,nan,nan,nan,nan,nan,nan,0.07100591715976332,0.044417767106842775,0.06425320207473272,0.047619047619047596,0.052969502407704615,0.06593406593406594,0.08904109589041095,0.07142857142857142,0.05542283803153375,0.048756293798207534,0.05905511811023623,0.04464559907398655
DS_Tim,153.0,108.0,108.0,155.0,149.0,134.0,167.0,nan,nan,nan,nan,nan,nan,nan,nan,nan,nan,nan,nan,nan,nan,nan,nan,nan,nan,nan,nan,nan,nan,nan,nan,nan,nan,nan,nan,nan,nan,nan,nan,nan,nan,nan,nan,nan,97.0,190.0,135.0,164.0,88.0,148.0,139.0,126.0,145.0,155.0,140.0,76.0
DS_Mag_10,1.4,1.0,0.5,2.1,0.2,0.1,nan,nan,nan,nan,nan,nan,nan,nan,nan,nan,nan,nan,nan,nan,nan,nan,nan,nan,nan,nan,nan,nan,nan,nan,nan,nan,nan,nan,nan,nan,nan,nan,nan,nan,nan,nan,nan,nan,0.56,2.648,1.756,0.0,0.0,0.606,2.2560000000000002,2.705,0.409,0.01,0.41600000000000004,0.0
DS_Mag_50,2.3,3.5,9.9,7.5,1.7,4.5,nan,nan,nan,nan,nan,nan,nan,nan,nan,nan,nan,nan,nan,nan,nan,nan,nan,nan,nan,nan,nan,nan,nan,nan,nan,nan,nan,nan,nan,nan,nan,nan,nan,nan,nan,nan,nan,nan,6.88,7.2,5.53,3.675,5.57,6.86,14.2,12.6,2.41,1.375,1.78,1.88
DS_Dur_WSI,128.0,223.0,178.0,130.0,154.0,185.0,nan,nan,nan,nan,nan,nan,nan,nan,nan,nan,nan,nan,nan,nan,nan,nan,nan,nan,nan,nan,nan,nan,nan,nan,nan,nan,nan,nan,nan,nan,nan,nan,nan,nan,nan,nan,nan,nan,196.0,113.0,172.0,120.0,190.0,140.0,159.0,153.0,180.0,171.0,nan,nan
DS_Dur_WS,183.0,285.0,240.0,153.0,195.0,218.0,nan,nan,nan,nan,nan,nan,nan,nan,nan,nan,nan,nan,nan,nan,nan,nan,nan,nan,nan,nan,nan,nan,nan,nan,nan,nan,nan,nan,nan,nan,nan,nan,nan,nan,nan,nan,nan,nan,241.0,159.0,217.0,190.0,317.0,224.0,203.0,256.0,180.0,242.0,193.0,257.0
DS_No_Flow,0.0,0.0,0.0,0.0,0.0,0.0,nan,nan,nan,nan,nan,nan,nan,nan,nan,nan,nan,nan,nan,nan,nan,nan,nan,nan,nan,nan,nan,nan,nan,nan,nan,nan,nan,nan,nan,nan,nan,nan,nan,nan,nan,nan,nan,nan,9.0,0.0,0.0,30.0,64.0,0.0,0.0,0.0,0.0,23.0,0.0,57.0
WSI_Tim,nan,281.0,329.0,285.0,284.0,303.0,317.0,nan,nan,nan,nan,nan,nan,nan,nan,nan,nan,nan,nan,nan,nan,nan,nan,nan,nan,nan,nan,nan,nan,nan,nan,nan,nan,nan,nan,nan,nan,nan,nan,nan,nan,nan,nan,nan,312.0,293.0,301.0,306.0,283.0,278.0,286.0,297.0,278.0,325.0,324.0,nan
WSI_Mag,nan,12.993405050468086,1209.9687036372268,2629.8859424540174,54.99255724705153,257.9787018840701,1759.948397021457,nan,nan,nan,nan,nan,nan,nan,nan,nan,nan,nan,nan,nan,nan,nan,nan,nan,nan,nan,nan,nan,nan,nan,nan,nan,nan,nan,nan,nan,nan,nan,nan,nan,nan,nan,nan,nan,54.30604513729058,74.18961441114938,42.09631666982989,13.185769040324784,10.689171370442237,19.994162263025636,323.9796808832738,1719.8471392562815,79.39761930480509,911.9929368330406,16.263893528717198,nan
Wet_Tim,19.0,336.0,26.0,347.0,307.0,344.0,350.0,nan,nan,nan,nan,nan,nan,nan,nan,nan,nan,nan,nan,nan,nan,nan,nan,nan,nan,nan,nan,nan,nan,nan,nan,nan,nan,nan,nan,nan,nan,nan,nan,nan,nan,nan,nan,nan,340.0,338.0,347.0,351.0,353.0,40.0,5.0,341.0,16.0,325.0,30.0,332.0
WSI_Dur,nan,5.0,3.0,8.0,1.0,3.0,3.0,nan,nan,nan,nan,nan,nan,nan,nan,nan,nan,nan,nan,nan,nan,nan,nan,nan,nan,nan,nan,nan,nan,nan,nan,nan,nan,nan,nan,nan,nan,nan,nan,nan,nan,nan,nan,nan,3.0,4.0,5.0,5.0,5.0,4.0,7.0,10.0,2.0,7.0,4.0,nan
Wet_BFL_Mag,29.0,40.800000000000004,60.2,41.199999999999996,16.0,53.0,16.0,nan,nan,nan,nan,nan,nan,nan,nan,nan,nan,nan,nan,nan,nan,nan,nan,nan,nan,nan,nan,nan,nan,nan,nan,nan,nan,nan,nan,nan,nan,nan,nan,nan,nan,nan,nan,nan,60.28,47.760000000000005,79.48,12.1,58.730000000000004,23.82,77.23,65.1,30.3,9.214,16.52,27.74
Peak_Tim_2,38.0,30.0,52.0,63.0,327.0,361.0,15.5,nan,nan,nan,nan,nan,nan,nan,nan,nan,nan,nan,nan,nan,nan,nan,nan,nan,nan,nan,nan,nan,nan,nan,nan,nan,nan,nan,nan,nan,nan,nan,nan,nan,nan,nan,nan,nan,22.5,68.0,58.0,17.5,26.0,54.0,21.5,29.0,55.0,345.0,39.0,8.5
Peak_Dur_2,4.0,2.0,1.5,1.0,1.0,4.0,1.5,nan,nan,nan,nan,nan,nan,nan,nan,nan,nan,nan,nan,nan,nan,nan,nan,nan,nan,nan,nan,nan,nan,nan,nan,nan,nan,nan,nan,nan,nan,nan,nan,nan,nan,nan,nan,nan,1.0,1.0,2.0,2.0,1.0,2.0,3.0,1.0,1.5,4.0,2.0,1.0
Peak_Fre_2,3.0,5.0,4.0,6.0,3.0,3.0,4.0,nan,nan,nan,nan,nan,nan,nan,nan,nan,nan,nan,nan,nan,nan,nan,nan,nan,nan,nan,nan,nan,nan,nan,nan,nan,nan,nan,nan,nan,nan,nan,nan,nan,nan,nan,nan,nan,6.0,4.0,9.0,2.0,5.0,1.0,2.0,8.0,2.0,2.0,1.0,4.0
Peak_Mag_2,3126.6666666666665,2628.181818181818,3233.75,3015.5555555555557,2165.0,3174.1666666666665,3567.1428571428573,nan,nan,nan,nan,nan,nan,nan,nan,nan,nan,nan,nan,nan,nan,nan,nan,nan,nan,nan,nan,nan,nan,nan,nan,nan,nan,nan,nan,nan,nan,nan,nan,nan,nan,nan,nan,nan,3960.0,2432.0,3198.8888888888887,2640.0,2616.25,2425.0,3286.6666666666665,1984.6153846153845,2813.3333333333335,3176.25,2380.0,3265.0
Peak_Tim_5,50.0,30.0,38.0,43.0,354.0,51.5,4.0,nan,nan,nan,nan,nan,nan,nan,nan,nan,nan,nan,nan,nan,nan,nan,nan,nan,nan,nan,nan,nan,nan,nan,nan,nan,nan,nan,nan,nan,nan,nan,nan,nan,nan,nan,nan,nan,3.5,59.0,62.0,47.5,8.0,54.0,55.0,360.0,80.0,345.0,73.5,345.0
Peak_Dur_5,2.0,5.0,3.0,3.0,1.0,2.0,2.0,nan,nan,nan,nan,nan,nan,nan,nan,nan,nan,nan,nan,nan,nan,nan,nan,nan,nan,nan,nan,nan,nan,nan,nan,nan,nan,nan,nan,nan,nan,nan,nan,nan,nan,nan,nan,nan,2.0,2.0,2.0,2.0,2.0,3.0,2.0,4.0,2.5,3.0,1.0,2.0
Peak_Fre_5,6.0,5.0,7.0,9.0,4.0,6.0,7.0,nan,nan,nan,nan,nan,nan,nan,nan,nan,nan,nan,nan,nan,nan,nan,nan,nan,nan,nan,nan,nan,nan,nan,nan,nan,nan,nan,nan,nan,nan,nan,nan,nan,nan,nan,nan,nan,10.0,11.0,13.0,4.0,7.0,5.0,9.0,7.0,4.0,4.0,4.0,5.0
Peak_Mag_5,2178.75,1873.7,1839.1739130434783,1770.0833333333333,1863.3333333333333,2061.92,2022.888888888889,nan,nan,nan,nan,nan,nan,nan,nan,nan,nan,nan,nan,nan,nan,nan,nan,nan,nan,nan,nan,nan,nan,nan,nan,nan,nan,nan,nan,nan,nan,nan,nan,nan,nan,nan,nan,nan,2304.157894736842,1356.842105263158,1992.3,1584.7,1730.6842105263158,1248.5454545454545,1615.8181818181818,1394.5882352941176,1584.909090909091,2338.6153846153848,1438.4,1741.6923076923076
Peak_Tim_10,44.0,52.0,39.5,56.0,323.0,24.0,13.0,nan,nan,nan,nan,nan,nan,nan,nan,nan,nan,nan,nan,nan,nan,nan,nan,nan,nan,nan,nan,nan,nan,nan,nan,nan,nan,nan,nan,nan,nan,nan,nan,nan,nan,nan,nan,nan,365.0,65.0,21.0,24.0,29.0,54.0,57.0,21.5,73.0,344.5,62.0,345.0
Peak_Dur_10,4.0,6.0,3.5,4.0,3.0,4.0,2.5,nan,nan,nan,nan,nan,nan,nan,nan,nan,nan,nan,nan,nan,nan,nan,nan,nan,nan,nan,nan,nan,nan,nan,nan,nan,nan,nan,nan,nan,nan,nan,nan,nan,nan,nan,nan,nan,3.5,4.5,8.0,4.5,6.5,4.0,3.5,5.0,5.0,5.5,3.0,6.0
Peak_Fre_10,6.0,6.0,6.0,8.0,5.0,7.0,8.0,nan,nan,nan,nan,nan,nan,nan,nan,nan,nan,nan,nan,nan,nan,nan,nan,nan,nan,nan,nan,nan,nan,nan,nan,nan,nan,nan,nan,nan,nan,nan,nan,nan,nan,nan,nan,nan,10.0,10.0,9.0,4.0,4.0,5.0,10.0,8.0,5.0,4.0,5.0,3.0
Peak_Mag_10,1280.1142857142856,1353.125,1297.923076923077,1065.6545454545455,959.6666666666666,1324.8510638297873,1284.3714285714286,nan,nan,nan,nan,nan,nan,nan,nan,nan,nan,nan,nan,nan,nan,nan,nan,nan,nan,nan,nan,nan,nan,nan,nan,nan,nan,nan,nan,nan,nan,nan,nan,nan,nan,nan,nan,nan,1387.6315789473683,781.6666666666666,1196.2588235294118,1072.3684210526317,1280.6333333333334,921.0526315789474,984.28,1007.8965517241379,1065.0,1568.590909090909,781.625,1227.0
Peak_Tim_20,69.5,350.0,13.0,28.5,350.0,354.0,29.0,nan,nan,nan,nan,nan,nan,nan,nan,nan,nan,nan,nan,nan,nan,nan,nan,nan,nan,nan,nan,nan,nan,nan,nan,nan,nan,nan,nan,nan,nan,nan,nan,nan,nan,nan,nan,nan,5.5,50.0,352.0,17.0,3.0,35.0,1.0,325.0,60.0,13.0,67.5,4.0
Peak_Dur_20,14.5,12.0,8.5,4.0,6.0,5.0,15.0,nan,nan,nan,nan,nan,nan,nan,nan,nan,nan,nan,nan,nan,nan,nan,nan,nan,nan,nan,nan,nan,nan,nan,nan,nan,nan,nan,nan,nan,nan,nan,nan,nan,nan,nan,nan,nan,5.5,10.0,58.0,3.5,13.0,2.5,2.0,2.0,7.0,1.5,9.0,20.0
Peak_Fre_20,4.0,5.0,4.0,8.0,6.0,9.0,7.0,nan,nan,nan,nan,nan,nan,nan,nan,nan,nan,nan,nan,nan,nan,nan,nan,nan,nan,nan,nan,nan,nan,nan,nan,nan,nan,nan,nan,nan,nan,nan,nan,nan,nan,nan,nan,nan,6.0,7.0,3.0,6.0,5.0,6.0,9.0,7.0,5.0,4.0,4.0,2.0
Peak_Mag_20,778.876923076923,690.2597402597403,764.0526315789474,695.7083333333334,501.35555555555555,751.2708333333334,633.2471910112359,nan,nan,nan,nan,nan,nan,nan,nan,nan,nan,nan,nan,nan,nan,nan,nan,nan,nan,nan,nan,nan,nan,nan,nan,nan,nan,nan,nan,nan,nan,nan,nan,nan,nan,nan,nan,nan,779.493670886076,499.05357142857144,887.744,575.9772727272727,753.4827586206897,516.7906976744187,558.8828828828829,627.6909090909091,582.7446808510638,839.5957446808511,489.54545454545456,769.325
