Year,1954,1955,1956,1957,1958,1959,1960,1961,1962,1963,1964,1965,1966,1967,1968,1969,1970,1971,1972,1973,1974,1975,1976,1977,1978
Avg,1180.9725274725274,2680.415300546448,1735.827397260274,2550.3753424657534,1464.2164383561644,1604.139344262295,1942.4520547945206,nan,nan,nan,nan,nan,nan,nan,nan,nan,nan,nan,nan,nan,nan,nan,nan,2206.8657534246577,1198.323287671233
Std,1538.2763453391187,5226.652492333204,2876.0615870318347,4322.683894716173,2706.5510783016466,3056.438427826878,3138.928814063175,nan,nan,nan,nan,nan,nan,nan,nan,nan,nan,nan,nan,nan,nan,nan,nan,3283.3872705301196,1857.5446880459758
CV,1.302550490849503,1.9499412987486162,1.6568822404642525,1.6949206741219969,1.8484637977020781,1.905344718810859,1.6159620549271279,nan,nan,nan,nan,nan,nan,nan,nan,nan,nan,nan,nan,nan,nan,nan,nan,1.487805619999719,1.5501198275599266
SP_Tim,144.0,129.0,145.0,126.0,93.0,151.0,136.0,nan,nan,nan,nan,nan,nan,nan,nan,nan,nan,nan,nan,nan,nan,nan,nan,139.0,132.0
SP_Mag,1950.0,2720.0,4770.0,1570.0,8620.0,16300.0,6750.0,nan,nan,nan,nan,nan,nan,nan,nan,nan,nan,nan,nan,nan,nan,nan,nan,2340.0,5130.0
SP_Dur,49.0,46.0,36.0,26.0,62.0,36.0,44.0,nan,nan,nan,nan,nan,nan,nan,nan,nan,nan,nan,nan,nan,nan,nan,nan,46.0,50.0
SP_ROC,0.03901734104046243,0.08480157761471929,0.03907256333190211,0.06540841584158416,0.05460750853242321,0.045283018867924525,0.050104602510460255,nan,nan,nan,nan,nan,nan,nan,nan,nan,nan,nan,nan,nan,nan,nan,nan,0.03716733936241393,0.04599406528189911
DS_Tim,193.0,175.0,181.0,152.0,155.0,187.0,180.0,nan,nan,nan,nan,nan,nan,nan,nan,nan,nan,nan,nan,nan,nan,nan,nan,185.0,182.0
DS_Mag_10,112.0,115.0,128.5,111.6,108.0,116.0,nan,nan,nan,nan,nan,nan,nan,nan,nan,nan,nan,nan,nan,nan,nan,nan,nan,157.5,136.8
DS_Mag_50,155.5,189.0,273.0,217.0,157.0,158.0,nan,nan,nan,nan,nan,nan,nan,nan,nan,nan,nan,nan,nan,nan,nan,nan,nan,213.0,176.0
DS_Dur_WSI,91.0,125.0,100.0,141.0,128.0,94.0,nan,nan,nan,nan,nan,nan,nan,nan,nan,nan,nan,nan,nan,nan,nan,nan,nan,140.0,143.0
DS_Dur_WS,136.0,171.0,166.0,204.0,226.0,135.0,nan,nan,nan,nan,nan,nan,nan,nan,nan,nan,nan,nan,nan,nan,nan,nan,nan,166.0,169.0
DS_No_Flow,0.0,0.0,0.0,0.0,0.0,0.0,nan,nan,nan,nan,nan,nan,nan,nan,nan,nan,nan,nan,nan,nan,nan,nan,nan,0.0,0.0
WSI_Tim,292.0,283.0,300.0,279.0,292.0,282.0,281.0,nan,nan,nan,nan,nan,nan,nan,nan,nan,nan,nan,nan,nan,nan,nan,nan,274.0,324.0
WSI_Mag,1109.9683093283193,1619.9885392713268,6099.892634323864,1999.9938279245457,495.9929471295806,653.992693859484,279.00049194080844,nan,nan,nan,nan,nan,nan,nan,nan,nan,nan,nan,nan,nan,nan,nan,nan,837.999198157074,954.9942219780272
Wet_Tim,319.0,328.0,346.0,345.0,355.0,15.0,322.0,nan,nan,nan,nan,nan,nan,nan,nan,nan,nan,nan,nan,nan,nan,nan,nan,313.0,350.0
WSI_Dur,4.0,3.0,2.0,4.0,4.0,3.0,2.0,nan,nan,nan,nan,nan,nan,nan,nan,nan,nan,nan,nan,nan,nan,nan,nan,2.0,2.0
Wet_BFL_Mag,425.6,860.8000000000001,561.3000000000001,928.4000000000001,606.0,668.0000000000001,686.0,nan,nan,nan,nan,nan,nan,nan,nan,nan,nan,nan,nan,nan,nan,nan,nan,516.8,383.2
Peak_Tim_2,365.0,8.5,26.0,20.0,18.0,107.0,39.5,nan,nan,nan,nan,nan,nan,nan,nan,nan,nan,nan,nan,nan,nan,nan,nan,363.5,11.0
Peak_Dur_2,1.0,2.0,1.5,2.0,2.5,1.0,1.5,nan,nan,nan,nan,nan,nan,nan,nan,nan,nan,nan,nan,nan,nan,nan,nan,2.5,1.0
Peak_Fre_2,1.0,6.0,4.0,6.0,2.0,4.0,4.0,nan,nan,nan,nan,nan,nan,nan,nan,nan,nan,nan,nan,nan,nan,nan,nan,4.0,1.0
Peak_Mag_2,18200.0,22578.571428571428,16900.0,18731.25,17580.0,18614.285714285714,18350.0,nan,nan,nan,nan,nan,nan,nan,nan,nan,nan,nan,nan,nan,nan,nan,nan,17400.0,20400.0
Peak_Tim_5,364.0,362.0,56.0,28.0,38.0,106.0,41.0,nan,nan,nan,nan,nan,nan,nan,nan,nan,nan,nan,nan,nan,nan,nan,nan,20.0,44.0
Peak_Dur_5,3.0,2.0,3.0,3.0,2.0,3.5,3.0,nan,nan,nan,nan,nan,nan,nan,nan,nan,nan,nan,nan,nan,nan,nan,nan,3.0,1.0
Peak_Fre_5,1.0,8.0,7.0,7.0,6.0,4.0,7.0,nan,nan,nan,nan,nan,nan,nan,nan,nan,nan,nan,nan,nan,nan,nan,nan,6.0,3.0
Peak_Mag_5,13466.666666666666,14101.944444444445,12774.375,13590.30303030303,12250.714285714286,13842.142857142857,11222.8,nan,nan,nan,nan,nan,nan,nan,nan,nan,nan,nan,nan,nan,nan,nan,nan,12595.90909090909,12537.5
Peak_Tim_10,364.0,18.0,42.5,19.0,27.0,65.0,51.5,nan,nan,nan,nan,nan,nan,nan,nan,nan,nan,nan,nan,nan,nan,nan,nan,7.0,59.5
Peak_Dur_10,1.0,3.0,1.5,4.5,2.0,5.0,3.5,nan,nan,nan,nan,nan,nan,nan,nan,nan,nan,nan,nan,nan,nan,nan,nan,4.0,2.5
Peak_Fre_10,5.0,10.0,10.0,10.0,9.0,7.0,6.0,nan,nan,nan,nan,nan,nan,nan,nan,nan,nan,nan,nan,nan,nan,nan,nan,10.0,8.0
Peak_Mag_10,7553.0,10298.253968253968,8977.64705882353,9628.888888888889,8843.92857142857,9707.142857142857,9163.5,nan,nan,nan,nan,nan,nan,nan,nan,nan,nan,nan,nan,nan,nan,nan,nan,8725.106382978724,6506.666666666667
Peak_Tim_20,53.5,84.0,21.0,49.5,6.0,88.0,46.5,nan,nan,nan,nan,nan,nan,nan,nan,nan,nan,nan,nan,nan,nan,nan,nan,23.5,74.0
Peak_Dur_20,1.5,4.5,5.0,13.5,10.0,11.0,5.5,nan,nan,nan,nan,nan,nan,nan,nan,nan,nan,nan,nan,nan,nan,nan,nan,3.0,5.0
Peak_Fre_20,12.0,10.0,9.0,6.0,7.0,7.0,10.0,nan,nan,nan,nan,nan,nan,nan,nan,nan,nan,nan,nan,nan,nan,nan,nan,12.0,7.0
Peak_Mag_20,4511.0,7343.3644859813085,6149.104477611941,6903.6697247706425,6031.754385964912,6203.934426229508,6131.463414634146,nan,nan,nan,nan,nan,nan,nan,nan,nan,nan,nan,nan,nan,nan,nan,nan,5789.19191919192,4532.456140350877
